Workbook
Name Actual_FX_USDtoAUD: [1]Conversions!$B$7
Name Actual_FX_USDtoCAD: [1]Conversions!$B$8
Name Actual_FX_USDtoCHF: [1]Conversions!$B$9
Name Actual_FX_USDtoDKK: [1]Conversions!$B$14
Name Actual_FX_USDtoEUR: [1]Conversions!$B$10
Name Actual_FX_USDtoGBP: [1]Conversions!$B$11
Name Actual_FX_USDtoINT: [2]Conversions!#REF!
Name Actual_FX_USDtoJPY: [1]Conversions!$B$12
Name Actual_FX_USDtoSEK: [1]Conversions!$B$13
Name Brazil_Discount_Factor: [1]Conversions!$E$50
Name Brazil_FX_Rate: [1]Conversions!$H$50
Name China_Discount_Factor: [1]Conversions!$E$73
Name China_FX_Rate: [1]Conversions!$H$73
Name Hong_Kong_Discount_Factor: [1]Conversions!$E$80
Name Hong_Kong_FX_Rate: [1]Conversions!$H$80
Name India_Discount_Factor: [1]Conversions!$E$77
Name India_FX_Rate: [1]Conversions!$H$77
Name Indonesia_Discount_Factor: [1]Conversions!$E$78
Name Indonesia_FX_Rate: [1]Conversions!$H$78
Name International_USD_Percent: [2]Conversions!#REF!
Name Kofax_AP_Agility: [1]FPA!#REF!
Name Kofax_Invoice_Processing_Solution: [1]FPA!#REF!
Name Kofax_Invoice_Processing_Solution_bundle_offering: [1]FPA!#REF!
Name Kofax_IP_Agility: [1]FPA!#REF!
Name Kofax_TotalAgility_Cloud_offerings: '[1]Cloud Hosted Services'!#REF!
Name Malaysia_Discount_Factor: [1]Conversions!$E$85
Name Malaysia_FX_Rate: [1]Conversions!$H$85
Name MobileDepositCapture_QTY: '[1]Multi-channel Capture'!#REF!
Name MobileID_QTY: '[1]Multi-channel Capture'!$C$257
Name MobileIDFAddon_QTY: '[1]Multi-channel Capture'!#REF!
Name MobileIDFBundle_QTY: '[1]Multi-channel Capture'!#REF!
Name MobileIDVAddon_QTY: '[1]Multi-channel Capture'!#REF!
Name MobileIDVBundle_QTY: '[1]Multi-channel Capture'!#REF!
Name MobileSDK_QTY: '[1]Multi-channel Capture'!$C$219
Name MobileSDKBundle_QTY: '[1]Multi-channel Capture'!$C$229
Name New_Zealand_Discount_Factor: [1]Conversions!$E$56
Name New_Zealand_FX_Rate: [1]Conversions!$H$56
Name Norway_Discount_Factor: [1]Conversions!$E$46
Name Norway_FX_Rate: [1]Conversions!$H$46
Name On_Premise_Year3_Price: '[1]On Premise Term Model'!$D$10
Name Perpetual_OnPremise_License_Price: #REF!
Name Perpetual_to_On_Premise_Term_Pricing_Calculator: #REF!
Name Philippines_Discount_Factor: [1]Conversions!$E$79
Name Philippines_FX_Rate: [1]Conversions!$H$79
Name PR_Qty: '[1]Kofax RPA'!$C$42
Name ReadSoft_FORMS_offerings: [1]Transformation!#REF!
Name RSO_Offerings: '[1]Cloud Hosted Services'!#REF!
Name Singapore_Discount_Factor: [1]Conversions!$E$58
Name Singapore_FX_Rate: [1]Conversions!$H$58
Name South_Africa_FX_Rate: [1]Conversions!$H$82

Sheet Referencias
A1: LICENCIAS | G1: SERVICIOS
A2: Descripción Oracle | B2: PVP | C2: CSS PVP | D2: Clase | E2: Código | G2: Descripción servicio | H2: PVP Jornada
A3: THE.ON AZURE FUNCTION | B3: 33.7 | C3: =Referencias[[#This Row],[PVP]]*4.5% -> 1.5165 | D3: THE.ON | E3: 0019Z567 | G3: Consultoría | H3: 880
A4: THE.ON BUS CENTRAL CON | B4: 141.1 | C4: =Referencias[[#This Row],[PVP]]*4.5% -> 6.3495 | D4: THE.ON | E4: 661ZZ463 | G4: Implementación | H4: 705
A5: THE.ON CAPTURE | B5: 33.7 | C5: =Referencias[[#This Row],[PVP]]*4.5% -> 1.5165 | D5: THE.ON | E5: 661ZZ456 | G5: Formación | H5: 705
A6: THE.ON CONNECTOR AZURE DI | B6: 33.7 | C6: =Referencias[[#This Row],[PVP]]*4.5% -> 1.5165 | D6: THE.ON | E6: 909ZZ936 | G6: Gestión Proyecto | H6: 705
A7: THE.ON CONNECTOR CONTENT | B7: 74 | C7: =Referencias[[#This Row],[PVP]]*4.5% -> 3.33 | D7: THE.ON | E7: 661ZZ458
A8: THE.ON CONNECTOR COPILOT | B8: 70.55 | C8: =Referencias[[#This Row],[PVP]]*4.5% -> 3.17475 | D8: THE.ON | E8: 927ZZ513
A9: THE.ON CONNECTOR eINVOICE | B9: 70.55 | C9: =Referencias[[#This Row],[PVP]]*4.5% -> 3.17475 | D9: THE.ON | E9: 911ZZ193
A10: THE.ON CONNECTOR KOFAX | B10: 33.7 | C10: =Referencias[[#This Row],[PVP]]*4.5% -> 1.5165 | D10: THE.ON | E10: 661ZZ460
A11: THE.ON CONNECTOR SAP | B11: 532.35 | C11: =Referencias[[#This Row],[PVP]]*4.5% -> 23.95575 | D11: THE.ON | E11: 661ZZ464
A12: THE.ON CONNECTOR SHAREPOINT | B12: 141.1 | C12: =Referencias[[#This Row],[PVP]]*4.5% -> 6.3495 | D12: THE.ON | E12: 661ZZ462
A13: THE.ON CONNECTOR UNIVERSAL | B13: 74 | C13: =Referencias[[#This Row],[PVP]]*4.5% -> 3.33 | D13: THE.ON | E13: 661ZZ459
A14: THE.ON DOCUMENT CLASSIFICATION 100 | B14: 4 | C14: =Referencias[[#This Row],[PVP]]*4.5% -> 0.18 | D14: THE.ON | E14: 909ZZ934
A15: THE.ON DOCUMENT CLASSIFICATION 1000 | B15: 35.53 | C15: =Referencias[[#This Row],[PVP]]*4.5% -> 1.59885 | D15: THE.ON | E15: 909ZZ935
A16: THE.ON DOCUMENT CLASSIFICATION 100K S | B16: 2882.18 | C16: =Referencias[[#This Row],[PVP]]*4.5% -> 129.6981 | D16: THE.ON | E16: 909ZZ938
A17: THE.ON DOCUMENT CLASSIFICATION 10K S | B17: 325.2 | C17: =Referencias[[#This Row],[PVP]]*4.5% -> 14.634 | D17: THE.ON | E17: 909ZZ937
A18: THE.ON MFP | B18: 33.7 | C18: =Referencias[[#This Row],[PVP]]*4.5% -> 1.5165 | D18: THE.ON | E18: 661ZZ457
... A38: THE.ON USER READ ONLY | B38: 10.78 | C38: =Referencias[[#This Row],[PVP]]*4.5% -> 0.4851 | D38: THE.ON | E38: 661ZZ455

Sheet Valoración IM
B1: Configurador Therefore™ Online
B2: Valoración comercial · complete los campos en crema; los importes calculados se actualizan automáticamente
B3: SFDC OPP | K3: DEAL SUPPORT | T3: FECHA
B5: A.M.
B7: CLIENTE
B10: TECH PARTNERS | F10: Importe Total | K10: SERVICIOS | T10: Unidades | W10: Importe Total
B11: Docuten | C11: Según cotización Tech Partners | F11: 0 | K11: 739ZZ051 | M11: Consultoría | Q11: Según cotización Servicios Profesionales | W11: =T11*'Referencias'!H3 -> 0
B12: IO Digital X | F12: 0 | K12: 739ZZ049 | M12: Implementación | W12: =T12*'Referencias'!H4 -> 0
B13: Ivnosys | F13: 0 | K13: 739ZZ048 | M13: Formación | W13: =T13*'Referencias'!H5 -> 0
B14: Doceo Software | F14: 0 | K14: 739ZZ047 | M14: Oficina de Proyecto | W14: =T14*'Referencias'!H6 -> 0
B15: Otros | F15: 0 | K15: 739ZZ052 | M15: Prueba de Concepto | W15: 0
B16: TOTAL TECH PARTNERS | F16: =SUM(F11:F15) -> 0 | K16: TOTAL SERVICIOS | T16: =SUM(T11:T15) -> 0 | W16: =SUM(W11:W15) -> 0
B18: TECH PARTNERS | F18: Importe Total | K18: ONLINE | P18: CUOTA | V18: Soporte Local
B19: Tech Partners | F19: =F16 -> 0 | K19: Therefore Online | P19: =SUM(S27:U46) -> 0 | T19: / Mes | V19: =SUM(Y27:AA46) -> 0 | Y19: / Mes
B20: Servicios | F20: =W16 -> 0 | K20: Meses Contrato | P20: 0 | R20: Meses
B21: Total Therefore Online | F21: =P22 -> 0 | K21: La cuota mensual incluye Software Assurance durante la vigencia del contrato
B22: TOTAL CONTRACT VALUE | F22: =SUM(F19:I20) -> 0 | K22: TOTAL THEREFORE ONLINE | P22: =(P19+V19)*P20 -> 0
B24: DETALLE SOLUCIONES | PRODUCTO
B26: Clase | D26: Código | G26: Concepto | N26: Unidad | P26: PVP | S26: PVP Total | V26: Soporte Local | Y26: Sop. Local Total
B27: =IFERROR(VLOOKUP(G27,'Referencias'!$A$3:$E$39,4,FALSE),"") | D27: =IFERROR(VLOOKUP(G27,'Referencias'!$A$3:$E$38,5,FALSE),"") | P27: =IFERROR(VLOOKUP(G27,'Referencias'!$A$3:$E$39,2,FALSE),"") | S27: =IFERROR((N27*P27),"") | V27: =IFERROR(VLOOKUP(G27,'Referencias'!$A$3:$E$39,3,FALSE),"") | Y27: =IFERROR((N27*V27),"")
B28: =IFERROR(VLOOKUP(G28,'Referencias'!$A$3:$E$39,4,FALSE),"") | D28: =IFERROR(VLOOKUP(G28,'Referencias'!$A$3:$E$38,5,FALSE),"") | P28: =IFERROR(VLOOKUP(G28,'Referencias'!$A$3:$E$39,2,FALSE),"") | S28: =IFERROR((N28*P28),"") | V28: =IFERROR(VLOOKUP(G28,'Referencias'!$A$3:$E$39,3,FALSE),"") | Y28: =IFERROR((N28*V28),"")
B29: =IFERROR(VLOOKUP(G29,'Referencias'!$A$3:$E$39,4,FALSE),"") | D29: =IFERROR(VLOOKUP(G29,'Referencias'!$A$3:$E$38,5,FALSE),"") | P29: =IFERROR(VLOOKUP(G29,'Referencias'!$A$3:$E$39,2,FALSE),"") | S29: =IFERROR((N29*P29),"") | V29: =IFERROR(VLOOKUP(G29,'Referencias'!$A$3:$E$39,3,FALSE),"") | Y29: =IFERROR((N29*V29),"")
B30: =IFERROR(VLOOKUP(G30,'Referencias'!$A$3:$E$39,4,FALSE),"") | D30: =IFERROR(VLOOKUP(G30,'Referencias'!$A$3:$E$38,5,FALSE),"") | P30: =IFERROR(VLOOKUP(G30,'Referencias'!$A$3:$E$39,2,FALSE),"") | S30: =IFERROR((N30*P30),"") | V30: =IFERROR(VLOOKUP(G30,'Referencias'!$A$3:$E$39,3,FALSE),"") | Y30: =IFERROR((N30*V30),"")
B31: =IFERROR(VLOOKUP(G31,'Referencias'!$A$3:$E$39,4,FALSE),"") | D31: =IFERROR(VLOOKUP(G31,'Referencias'!$A$3:$E$38,5,FALSE),"") | P31: =IFERROR(VLOOKUP(G31,'Referencias'!$A$3:$E$39,2,FALSE),"") | S31: =IFERROR((N31*P31),"") | V31: =IFERROR(VLOOKUP(G31,'Referencias'!$A$3:$E$39,3,FALSE),"") | Y31: =IFERROR((N31*V31),"")
B32: =IFERROR(VLOOKUP(G32,'Referencias'!$A$3:$E$39,4,FALSE),"") | D32: =IFERROR(VLOOKUP(G32,'Referencias'!$A$3:$E$38,5,FALSE),"") | P32: =IFERROR(VLOOKUP(G32,'Referencias'!$A$3:$E$39,2,FALSE),"") | S32: =IFERROR((N32*P32),"") | V32: =IFERROR(VLOOKUP(G32,'Referencias'!$A$3:$E$39,3,FALSE),"") | Y32: =IFERROR((N32*V32),"")
B33: =IFERROR(VLOOKUP(G33,'Referencias'!$A$3:$E$39,4,FALSE),"") | D33: =IFERROR(VLOOKUP(G33,'Referencias'!$A$3:$E$38,5,FALSE),"") | P33: =IFERROR(VLOOKUP(G33,'Referencias'!$A$3:$E$39,2,FALSE),"") | S33: =IFERROR((N33*P33),"") | V33: =IFERROR(VLOOKUP(G33,'Referencias'!$A$3:$E$39,3,FALSE),"") | Y33: =IFERROR((N33*V33),"")
B34: =IFERROR(VLOOKUP(G34,'Referencias'!$A$3:$E$39,4,FALSE),"") | D34: =IFERROR(VLOOKUP(G34,'Referencias'!$A$3:$E$38,5,FALSE),"") | P34: =IFERROR(VLOOKUP(G34,'Referencias'!$A$3:$E$39,2,FALSE),"") | S34: =IFERROR((N34*P34),"") | V34: =IFERROR(VLOOKUP(G34,'Referencias'!$A$3:$E$39,3,FALSE),"") | Y34: =IFERROR((N34*V34),"")
B35: =IFERROR(VLOOKUP(G35,'Referencias'!$A$3:$E$39,4,FALSE),"") | D35: =IFERROR(VLOOKUP(G35,'Referencias'!$A$3:$E$38,5,FALSE),"") | P35: =IFERROR(VLOOKUP(G35,'Referencias'!$A$3:$E$39,2,FALSE),"") | S35: =IFERROR((N35*P35),"") | V35: =IFERROR(VLOOKUP(G35,'Referencias'!$A$3:$E$39,3,FALSE),"") | Y35: =IFERROR((N35*V35),"")
B36: =IFERROR(VLOOKUP(G36,'Referencias'!$A$3:$E$39,4,FALSE),"") | D36: =IFERROR(VLOOKUP(G36,'Referencias'!$A$3:$E$38,5,FALSE),"") | P36: =IFERROR(VLOOKUP(G36,'Referencias'!$A$3:$E$39,2,FALSE),"") | S36: =IFERROR((N36*P36),"") | V36: =IFERROR(VLOOKUP(G36,'Referencias'!$A$3:$E$39,3,FALSE),"") | Y36: =IFERROR((N36*V36),"")
B37: =IFERROR(VLOOKUP(G37,'Referencias'!$A$3:$E$39,4,FALSE),"") | D37: =IFERROR(VLOOKUP(G37,'Referencias'!$A$3:$E$38,5,FALSE),"") | P37: =IFERROR(VLOOKUP(G37,'Referencias'!$A$3:$E$39,2,FALSE),"") | S37: =IFERROR((N37*P37),"") | V37: =IFERROR(VLOOKUP(G37,'Referencias'!$A$3:$E$39,3,FALSE),"") | Y37: =IFERROR((N37*V37),"")
B38: =IFERROR(VLOOKUP(G38,'Referencias'!$A$3:$E$39,4,FALSE),"") | D38: =IFERROR(VLOOKUP(G38,'Referencias'!$A$3:$E$38,5,FALSE),"") | P38: =IFERROR(VLOOKUP(G38,'Referencias'!$A$3:$E$39,2,FALSE),"") | S38: =IFERROR((N38*P38),"") | V38: =IFERROR(VLOOKUP(G38,'Referencias'!$A$3:$E$39,3,FALSE),"") | Y38: =IFERROR((N38*V38),"")
... B45: =IFERROR(VLOOKUP(G45,'Referencias'!$A$3:$E$39,4,FALSE),"") | D45: =IFERROR(VLOOKUP(G45,'Referencias'!$A$3:$E$38,5,FALSE),"") | P45: =IFERROR(VLOOKUP(G45,'Referencias'!$A$3:$E$39,2,FALSE),"") | S45: =IFERROR((N45*P45),"") | V45: =IFERROR(VLOOKUP(G45,'Referencias'!$A$3:$E$39,3,FALSE),"") | Y45: =IFERROR((N45*V45),"")
